Fraud,Í≤∞Ï†úÍ∏àÏï°,?úÌíàÏΩîÎìú,Ïπ¥Îìú?ïÎ≥¥_1,Ïπ¥Îìú?ïÎ≥¥_2,Ïπ¥Îìú?ïÎ≥¥_3,Ïπ¥Îìú?ïÎ≥¥_4,Ïπ¥Îìú?ïÎ≥¥_5,Ïπ¥Îìú?ïÎ≥¥_6,Ï£ºÏÜå?ïÎ≥¥1,Ï£ºÏÜå?ïÎ≥¥2,Í≤∞Ï†ú?•ÏÜå?ÄÏ£ºÏÜå?ïÎ≥¥1?¨Ïù¥?òÍ±∞Î¶?Í≤∞Ï†ú?•ÏÜå?ÄÏ£ºÏÜå?ïÎ≥¥2?¨Ïù¥?òÍ±∞Î¶?Ïπ¥Îìú?åÏú†Ï£ºÏ£º??Ïπ¥Îìú?¨Ïö©?êÏ£º??Í∞úÏù∏?ïÎ≥¥Í∞?àò_1,Í∞úÏù∏?ïÎ≥¥Í∞?àò_2,Í∞úÏù∏?ïÎ≥¥Í∞?àò_3,Í∞úÏù∏?ïÎ≥¥Í∞?àò_4,Í∞úÏù∏?ïÎ≥¥Í∞?àò_5,Í∞úÏù∏?ïÎ≥¥Í∞?àò_6,Í∞úÏù∏?ïÎ≥¥Í∞?àò_7,Í∞úÏù∏?ïÎ≥¥Í∞?àò_8,Í∞úÏù∏?ïÎ≥¥Í∞?àò_9,Í∞úÏù∏?ïÎ≥¥Í∞?àò_10,Í∞úÏù∏?ïÎ≥¥Í∞?àò_11,Í∞úÏù∏?ïÎ≥¥Í∞?àò_12,Í∞úÏù∏?ïÎ≥¥Í∞?àò_13,Í∞úÏù∏?ïÎ≥¥Í∞?àò_14,ÏßÅÏ†ÑÍ≤∞Ï†ú?ºÍ∞ÑÍ≤©Ìòπ?Ä?¥Î≤§??1,ÏßÅÏ†ÑÍ≤∞Ï†ú?ºÍ∞ÑÍ≤©Ìòπ?Ä?¥Î≤§??2,ÏßÅÏ†ÑÍ≤∞Ï†ú?ºÍ∞ÑÍ≤©Ìòπ?Ä?¥Î≤§??3,ÏßÅÏ†ÑÍ≤∞Ï†ú?ºÍ∞ÑÍ≤©Ìòπ?Ä?¥Î≤§??4,ÏßÅÏ†ÑÍ≤∞Ï†ú?ºÍ∞ÑÍ≤©Ìòπ?Ä?¥Î≤§??5,ÏßÅÏ†ÑÍ≤∞Ï†ú?ºÍ∞ÑÍ≤©Ìòπ?Ä?¥Î≤§??6,ÏßÅÏ†ÑÍ≤∞Ï†ú?ºÍ∞ÑÍ≤©Ìòπ?Ä?¥Î≤§??7,ÏßÅÏ†ÑÍ≤∞Ï†ú?ºÍ∞ÑÍ≤©Ìòπ?Ä?¥Î≤§??8,ÏßÅÏ†ÑÍ≤∞Ï†ú?ºÍ∞ÑÍ≤©Ìòπ?Ä?¥Î≤§??9,ÏßÅÏ†ÑÍ≤∞Ï†ú?ºÍ∞ÑÍ≤©Ìòπ?Ä?¥Î≤§??10,ÏßÅÏ†ÑÍ≤∞Ï†ú?ºÍ∞ÑÍ≤©Ìòπ?Ä?¥Î≤§??11,ÏßÅÏ†ÑÍ≤∞Ï†ú?ºÍ∞ÑÍ≤©Ìòπ?Ä?¥Î≤§??12,ÏßÅÏ†ÑÍ≤∞Ï†ú?ºÍ∞ÑÍ≤©Ìòπ?Ä?¥Î≤§??13,ÏßÅÏ†ÑÍ≤∞Ï†ú?ºÍ∞ÑÍ≤©Ìòπ?Ä?¥Î≤§??14,ÏßÅÏ†ÑÍ≤∞Ï†ú?ºÍ∞ÑÍ≤©Ìòπ?Ä?¥Î≤§??15,Í∞úÏù∏?ïÎ≥¥?ºÏπò?¨Î?_1,Í∞úÏù∏?ïÎ≥¥?ºÏπò?¨Î?_2,Í∞úÏù∏?ïÎ≥¥?ºÏπò?¨Î?_3,Í∞úÏù∏?ïÎ≥¥?ºÏπò?¨Î?_4,Í∞úÏù∏?ïÎ≥¥?ºÏπò?¨Î?_5,Í∞úÏù∏?ïÎ≥¥?ºÏπò?¨Î?_6,Í∞úÏù∏?ïÎ≥¥?ºÏπò?¨Î?_7,Í∞úÏù∏?ïÎ≥¥?ºÏπò?¨Î?_8,Í∞úÏù∏?ïÎ≥¥?ºÏπò?¨Î?_9,?†Ïßú,Í≤∞Ï†ú?ïÎ≥¥_1,Í≤∞Ï†ú?ïÎ≥¥_2,Í≤∞Ï†ú?ïÎ≥¥_3,Í≤∞Ï†ú?ïÎ≥¥_4,Í≤∞Ï†ú?ïÎ≥¥_5,Í≤∞Ï†ú?ïÎ≥¥_6,Í≤∞Ï†ú?ïÎ≥¥_7,Í≤∞Ï†ú?ïÎ≥¥_8,Í≤∞Ï†ú?ïÎ≥¥_9,Í≤∞Ï†ú?ïÎ≥¥_10,Í≤∞Ï†ú?ïÎ≥¥_11,Í≤∞Ï†ú?ïÎ≥¥_12,Í≤∞Ï†ú?ïÎ≥¥_13,Í≤∞Ï†ú?ïÎ≥¥_14,Í≤∞Ï†ú?ïÎ≥¥_15,Í≤∞Ï†ú?ïÎ≥¥_16,Í≤∞Ï†ú?ïÎ≥¥_17,Í≤∞Ï†ú?ïÎ≥¥_18,Í≤∞Ï†ú?ïÎ≥¥_19,Í≤∞Ï†ú?ïÎ≥¥_20,Í≤∞Ï†ú?ïÎ≥¥_21,Í≤∞Ï†ú?ïÎ≥¥_22,Í≤∞Ï†ú?ïÎ≥¥_23,Í≤∞Ï†ú?ïÎ≥¥_24,Í≤∞Ï†ú?ïÎ≥¥_25,Í≤∞Ï†ú?ïÎ≥¥_26,Í≤∞Ï†ú?ïÎ≥¥_27,Í≤∞Ï†ú?ïÎ≥¥_28,Í≤∞Ï†ú?ïÎ≥¥_29,Í≤∞Ï†ú?ïÎ≥¥_30,Í≤∞Ï†ú?ïÎ≥¥_31,Í≤∞Ï†ú?ïÎ≥¥_32,Í≤∞Ï†úÍ∏∞Í∏∞?ïÎ≥¥,?∏Î?Í∏∞Í∏∞?ïÎ≥¥,,,,
0,13700,A,13926,,C,discover,38,credit,166,62,19,,59,60,1,1,0,0,0,1,0,0,1,0,2,0,1,1,14,,13,,,,,,,13,13,,,,0,T,T,T,M2,F,T,,,,2018-01-02 0:00,,,,,,,,,,,,,,,,,,,,,,,,,,,,,,,,,,
0,5800,A,2755,404,C,mastercard,2,credit,173,62,,,16,60,1,1,0,0,0,1,0,0,0,0,1,0,1,1,0,,,0,,,,,,0,,,,,0,,,,M0,T,T,,,,2018-01-02 0:00,,,,,,,,,,,,,,,,,,,,,,,,,,,,,,,,,,
0,11800,A,4663,490,C,visa,58,debit,178,62,287,,35,60,1,1,0,0,0,1,0,0,1,0,1,0,1,1,0,,,0,,,,,,0,315,,,,315,T,T,T,M0,F,F,F,F,F,2018-01-02 0:01,,,,,,,,,,,,,,,,,,,,,,,,,,,,,,,,,,
0,10000,A,18132,567,C,mastercard,14,debit,282,62,,,53,60,2,5,0,0,0,4,0,0,1,0,1,0,25,1,112,112,0,94,0,,,,,84,,,,,111,,,,M0,T,F,,,,2018-01-02 0:01,,,,,,,,,,,,,,,,,,,,,,,,,,,,,,,,,,
0,10000,B,4497,514,C,mastercard,2,credit,241,62,,,16,60,1,1,0,0,0,1,0,1,0,1,1,0,1,1,0,,,,,,,,,,,,,,,,,,,,,,,,2018-01-02 0:01,0,70787,,,,,,,,,100,NotFound,,-480,New,NotFound,166,,542,144,,,,,,,,New,NotFound,Android 7.0,samsung browser 6.2,32,mobile,SAMSUNG SM-G892A Build/NRD90M
0,9800,A,5937,555,C,visa,108,debit,132,62,36,,16,60,1,1,0,0,0,1,0,0,1,0,1,0,1,1,0,,,0,,,,,,0,0,,,,0,T,T,T,M1,F,T,,,,2018-01-02 0:01,,,,,,,,,,,,,,,,,,,,,,,,,,,,,,,,,,
0,31800,A,12308,360,C,visa,58,debit,17,62,0,,53,60,1,1,0,0,0,1,0,0,1,0,1,0,1,1,0,,,0,,,,,,0,0,,,,0,T,T,T,M0,F,F,T,T,T,2018-01-02 0:02,,,,,,,,,,,,,,,,,,,,,,,,,,,,,,,,,,
0,84500,A,12695,490,C,visa,108,debit,173,62,,,29,60,1,1,0,0,0,1,0,0,0,0,1,0,1,1,0,,,0,,,,,,0,,,,,0,,,,M0,F,F,,,,2018-01-02 0:02,,,,,,,,,,,,,,,,,,,,,,,,,,,,,,,,,,
0,3000,B,2803,100,C,visa,108,debit,183,62,,,1,60,1,1,0,0,0,1,0,1,0,1,1,0,1,1,0,,,,,,,,,,,,,,,,,,,,,,,,2018-01-02 0:02,-5,98945,,,0,-5,,,,,100,NotFound,49,-300,New,NotFound,166,,621,500,,,,,,,,New,NotFound,iOS 11.1.2,mobile safari 11.0,32,mobile,iOS Device
0,23400,A,17399,111,C,mastercard,106,debit,78,62,19,,53,60,2,2,0,0,0,3,0,0,3,0,1,0,12,2,61,61,30,318,30,,,,,40,302,,,,318,T,T,T,M0,T,T,,,,2018-01-02 0:02,,,,,,,,,,,,,,,,,,,,,,,,,,,,,,,,,,
0,15177.4,C,16496,352,B,mastercard,30,credit,332,74,,,16,16,1,4,0,1,0,1,1,1,0,1,2,2,2,1,1,1,0,0,0,0,0,83,0,0,,0,0,0,0,,,,M0,,,,,,2018-01-02 0:02,-5,191631,0,0,0,0,,,0,0,100,NotFound,52,,Found,Found,121,,410,142,,,,,,,,Found,Found,,chrome 62.0,,desktop,Windows
0,3299,C,4461,375,D,mastercard,106,debit,332,74,,30,19,19,1,1,0,1,0,1,1,1,0,1,1,1,1,1,0,,,0,,0,,,,0,,0,0,0,0,,,,M0,,,,,,2018-01-02 0:02,-5,221832,,,0,-6,,,,,100,NotFound,52,,New,NotFound,225,,176,507,,,,,,,,New,NotFound,,chrome 62.0,,desktop,
0,10000,A,3786,418,C,visa,108,debit,78,62,,,48,60,4,2,0,0,0,1,0,0,1,0,2,0,6,3,72,72,11,107,11,,,,,107,,,,,107,,,,M1,F,F,,,,2018-01-02 0:02,,,,,,,,,,,,,,,,,,,,,,,,,,,,,,,,,,
0,8000,A,12866,303,C,visa,108,debit,178,62,,,2,60,6,5,0,0,2,3,0,0,3,0,5,0,24,6,46,46,10,45,10,,,,,45,,,,,45,,,,,,F,,,,2018-01-02 0:03,,,,,,,,,,,,,,,,,,,,,,,,,,,,,,,,,,
0,2100,A,11839,490,C,visa,108,debit,96,62,,,53,60,1,1,0,0,0,1,0,0,0,0,1,0,1,1,0,,,0,,,,,,0,,,,,0,,,,M0,F,F,,,,2018-01-02 0:03,,,,,,,,,,,,,,,,,,,,,,,,,,,,,,,,,,
0,11590,A,7055,555,C,visa,108,debit,166,62,3,,59,60,4,4,0,0,1,5,0,0,2,0,3,0,22,3,0,,,,,,,,,465,423,,,,0,T,T,F,,,F,F,F,T,2018-01-02 0:03,,,,,,,,,,,,,,,,,,,,,,,,,,,,,,,,,,
0,6000,B,1790,555,C,visa,108,debit,52,62,,,2,60,1,1,0,0,0,1,0,1,0,1,1,0,1,1,0,,,,,,,26,0,,,,,,,,,,,,,,,,2018-01-02 0:03,0,7460,0,0,1,0,,,0,0,100,NotFound,,-300,Found,Found,166,15,529,575,,,,,,,,Found,Found,Mac OS X 10_11_6,chrome 62.0,24,desktop,MacOS
0,20000,B,11492,111,C,mastercard,102,credit,78,62,,,53,60,1,1,0,0,0,1,0,1,0,1,1,0,1,1,0,,,,,,,21,0,,,,,,,,,,,,,,,,2018-01-02 0:04,-5,61141,3,0,3,0,,,3,0,100,NotFound,52,-300,Found,Found,166,18,529,600,,,,,,,,Found,Found,Windows 10,chrome 62.0,24,desktop,Windows
0,9590,A,4663,490,C,visa,58,debit,62,62,5,,16,60,1,1,0,0,1,1,0,0,1,0,1,0,1,1,0,,,0,,,,,,0,237,,,,0,T,T,F,,,F,F,T,T,2018-01-02 0:05,,,,,,,,,,,,,,,,,,,,,,,,,,,,,,,,,,
0,37200,A,7005,111,C,visa,108,debit,127,62,,,16,60,2,5,0,0,0,7,0,0,2,0,2,0,25,2,62,62,2,35,2,,,,,50,,,,,62,,,,M1,F,F,,,,2018-01-02 0:05,,,,,,,,,,,,,,,,,,,,,,,,,,,,,,,,,,
0,7800,A,7875,314,C,mastercard,106,debit,151,62,0,,16,60,1,1,0,0,0,1,0,0,1,0,1,0,1,1,0,,,0,,,,,,0,0,,,,0,T,T,T,M0,F,F,F,F,T,2018-01-02 0:06,,,,,,,,,,,,,,,,,,,,,,,,,,,,,,,,,,
0,31990,A,11401,543,C,mastercard,14,debit,78,62,,,16,60,127,120,0,0,168,99,0,0,81,0,80,0,673,111,485,485,3,358,40,,,,,485,,,,,109,,,,,,F,,,,2018-01-02 0:06,,,,,,,,,,,,,,,,,,,,,,,,,,,,,,,,,,
0,10000,B,1724,583,C,visa,108,credit,151,62,,,16,60,1,1,0,0,0,1,0,0,0,0,1,0,1,1,0,,,,,,,,,,,,,,,,,,,,,,,,2018-01-02 0:06,-15,,,,,,,,,,,NotFound,14,,,,,,,,,,,,,,,,,,,,,
0,21590,A,2392,360,C,mastercard,58,debit,17,62,4,,16,60,1,1,0,0,1,1,0,0,1,0,1,0,1,1,0,,,0,,,,,,0,0,,,,0,T,T,T,,,F,,,,2018-01-02 0:06,,,,,,,,,,,,,,,,,,,,,,,,,,,,,,,,,,
0,14790,A,10112,360,C,visa,58,debit,127,62,,,16,60,3,5,0,0,3,3,0,0,3,0,4,0,10,3,66,66,35,65,35,,,,,0,,,,,65,,,,,,F,,,,2018-01-02 0:07,,,,,,,,,,,,,,,,,,,,,,,,,,,,,,,,,,
0,21590,A,15385,111,C,mastercard,106,debit,255,62,,,16,60,4,1,0,0,3,2,0,0,1,0,1,0,5,3,0,,,24,1,,,,,26,,,,,26,,,,,,F,,,,2018-01-02 0:09,,,,,,,,,,,,,,,,,,,,,,,,,,,,,,,,,,
0,36800,A,17868,148,C,visa,108,debit,280,62,,,30,60,2,1,0,0,0,1,0,0,1,0,1,0,4,2,0,,,244,90,,,,,244,,,,,244,,,,M0,F,T,,,,2018-01-02 0:09,,,,,,,,,,,,,,,,,,,,,,,,,,,,,,,,,,
0,9590,A,11307,321,C,visa,108,debit,183,62,17,,53,60,4,2,0,0,1,2,0,0,4,0,3,0,4,3,0,,,35,35,,,,,0,35,,,,0,T,T,F,,,T,,,,2018-01-02 0:09,,,,,,,,,,,,,,,,,,,,,,,,,,,,,,,,,,
0,4000,A,8431,269,C,mastercard,106,debit,116,62,,,59,60,1,1,0,0,0,0,0,0,1,0,1,0,1,1,1,1,0,,,,,,,0,,,,,0,,,,M1,T,F,,,,2018-01-02 0:09,,,,,,,,,,,,,,,,,,,,,,,,,,,,,,,,,,
0,7398,A,12932,361,C,visa,108,debit,78,62,,,16,60,1,1,0,0,0,1,0,0,0,0,1,0,1,1,0,,,0,,,,,,0,,,,,0,,,,M0,T,F,,,,2018-01-02 0:09,,,,,,,,,,,,,,,,,,,,,,,,,,,,,,,,,,
0,7000,A,13276,555,C,visa,108,debit,17,62,,,16,60,3,2,0,0,1,2,0,0,1,0,1,0,19,3,169,169,56,391,56,,,,,264,,,,,391,,,,,,F,,,,2018-01-02 0:09,,,,,,,,,,,,,,,,,,,,,,,,,,,,,,,,,,
0,72778,A,6573,583,C,visa,108,credit,166,62,13,,53,60,1,1,0,0,1,1,0,0,1,0,1,0,1,1,0,,,0,,,,,,0,0,,,,0,T,T,T,,,T,F,T,T,2018-01-02 0:09,,,,,,,,,,,,,,,,,,,,,,,,,,,,,,,,,,
0,40000,A,7835,361,C,visa,108,debit,280,62,,,53,60,4,4,0,0,0,1,0,0,2,0,1,0,11,3,29,29,1,259,1,,,,,28,,,,,259,,,,M0,T,T,,,,2018-01-02 0:10,,,,,,,,,,,,,,,,,,,,,,,,,,,,,,,,,,
0,8000,A,8613,272,C,mastercard,106,debit,127,62,,,53,60,2,2,0,0,0,1,0,0,2,0,2,0,6,2,121,121,121,400,121,,,,,121,,,,,121,,,,M1,T,F,,,,2018-01-02 0:11,,,,,,,,,,,,,,,,,,,,,,,,,,,,,,,,,,
0,21590,A,17359,555,C,visa,108,debit,277,62,2,,53,60,1,1,0,0,1,2,0,0,1,0,1,0,2,1,245,245,245,0,,,,,,245,245,,,,245,T,T,T,,,T,F,F,T,2018-01-02 0:12,,,,,,,,,,,,,,,,,,,,,,,,,,,,,,,,,,
0,21590,A,9766,360,C,visa,108,debit,96,62,664,,53,60,3,2,0,0,1,1,0,0,3,0,2,0,4,2,201,201,86,290,200,,,,,290,0,,,,290,T,F,F,,,F,F,F,F,2018-01-02 0:12,,,,,,,,,,,,,,,,,,,,,,,,,,,,,,,,,,
0,15400,A,4806,490,C,visa,108,debit,166,62,20,,16,60,8,4,0,0,0,6,0,0,4,0,5,0,18,5,478,478,210,477,109,,,,,0,446,,,,477,T,F,F,M1,T,T,,,,2018-01-02 0:12,,,,,,,,,,,,,,,,,,,,,,,,,,,,,,,,,,
0,4390,A,13249,111,C,visa,108,debit,127,62,,,16,60,92,86,0,0,121,72,0,0,76,0,73,0,498,79,0,,,0,,,,,,0,,,,,0,,,,,,T,,,,2018-01-02 0:12,,,,,,,,,,,,,,,,,,,,,,,,,,,,,,,,,,
0,5000,D,5463,399,C,american express,33,credit,178,62,,98,59,16,1,2,0,1,0,0,0,6,0,93,1,0,96,1,542,542,,,,537,4,29,0,520,,,,,541,,,,,,,,,,2018-01-02 0:12,0,31964,0,0,0,-10,,,0,0,100,Found,,-300,Found,Found,166,15,352,533,,,,,,,,Found,Found,Android,chrome 62.0,32,mobile,
0,7990,A,12598,111,C,visa,58,debit,151,62,,,53,60,1,1,0,0,1,1,0,0,0,0,1,0,1,1,0,,,0,,,,,,0,,,,,0,,,,,,T,,,,2018-01-02 0:13,,,,,,,,,,,,,,,,,,,,,,,,,,,,,,,,,,
0,15177.4,C,13329,569,B,visa,108,credit,332,74,,,16,16,2,5,0,1,0,1,1,1,0,1,2,2,3,2,0,,,0,0,0,0,83,0,0,,0,0,0,0,,,,M0,,,,,,2018-01-02 0:13,-10,116098,0,0,0,0,,,0,0,100,NotFound,52,,Found,Found,121,,410,142,,,,,,,,Found,Found,,chrome 62.0,,desktop,Windows
0,154800,A,9002,453,C,visa,108,debit,127,62,0,,16,60,2,5,0,0,0,4,0,0,4,0,1,0,10,2,181,181,0,0,,,,,,181,0,,,,389,T,T,F,M0,T,F,,,,2018-01-02 0:13,,,,,,,,,,,,,,,,,,,,,,,,,,,,,,,,,,
0,23400,A,13085,417,C,visa,80,debit,178,62,6,,16,60,2,2,0,0,0,1,0,0,1,0,1,0,2,2,0,,,22,22,,,,,0,22,,,,22,T,T,T,M0,T,F,F,F,T,2018-01-02 0:13,,,,,,,,,,,,,,,,,,,,,,,,,,,,,,,,,,
0,9800,A,10776,512,C,visa,58,debit,241,62,0,,16,60,2,1,0,0,0,1,0,0,1,0,2,0,1,1,0,,,0,,,,,,0,358,,,,0,T,T,F,M0,T,T,,,,2018-01-02 0:14,,,,,,,,,,,,,,,,,,,,,,,,,,,,,,,,,,
0,7900,A,9281,555,C,visa,80,debit,280,62,,,16,60,1,1,0,0,0,1,0,0,0,0,1,0,1,1,0,,,0,,,,,,0,,,,,0,,,,M0,F,F,,,,2018-01-02 0:14,,,,,,,,,,,,,,,,,,,,,,,,,,,,,,,,,,
0,7390,A,16132,111,C,visa,108,debit,151,62,0,,53,60,190,145,0,0,142,147,0,0,129,0,132,0,527,148,91,68,23,289,46,,,,,289,289,,,,289,T,T,T,,,F,T,T,T,2018-01-02 0:14,,,,,,,,,,,,,,,,,,,,,,,,,,,,,,,,,,
0,9800,A,12544,321,C,visa,108,debit,255,62,30,,16,60,1,1,0,0,0,2,0,0,1,0,1,0,2,1,3,3,2,0,,,,,,2,2,,,,2,T,T,T,M0,F,F,F,F,T,2018-01-02 0:14,,,,,,,,,,,,,,,,,,,,,,,,,,,,,,,,,,
0,3000,A,4208,490,C,visa,80,debit,17,62,,,1,60,1,1,0,0,0,1,0,0,1,0,1,0,2,1,108,108,107,107,107,,,,,107,,,,,107,,,,M0,F,T,,,,2018-01-02 0:14,,,,,,,,,,,,,,,,,,,,,,,,,,,,,,,,,,
0,8458.8,C,15885,545,D,visa,34,debit,332,74,,,35,35,1,1,0,1,0,1,1,1,0,1,1,1,1,1,0,,,0,,0,,,,0,,0,0,0,0,,,,M2,,,,,,2018-01-02 0:15,-5,257037,,,0,0,,,,,100,NotFound,52,,New,NotFound,225,,484,507,,,,,,,,New,NotFound,,chrome 62.0,,desktop,Windows
0,719,C,12730,266,D,mastercard,106,credit,332,74,,149,1,1,1,2,0,2,0,2,2,2,0,2,1,1,2,1,66,66,65,0,,0,,,,0,,0,0,0,65,,,,M2,,,,,,2018-01-02 0:15,-5,287959,,,1,-11,,,,,100,NotFound,52,,New,NotFound,225,,254,507,,,,,,,,New,NotFound,,chrome 62.0,,desktop,Windows
0,23400,A,10045,114,C,visa,108,debit,151,62,16,,16,60,1,1,0,0,0,1,0,0,1,0,1,0,1,1,0,,,0,,,,,,0,0,,,,0,T,T,T,M1,T,T,F,F,T,2018-01-02 0:15,,,,,,,,,,,,,,,,,,,,,,,,,,,,,,,,,,
0,45200,A,7835,361,C,visa,108,debit,280,62,80,,53,60,4,4,0,0,0,1,0,0,2,0,1,0,11,3,29,29,0,259,0,,,,,28,259,,,,259,T,T,T,M0,T,T,,,,2018-01-02 0:15,,,,,,,,,,,,,,,,,,,,,,,,,,,,,,,,,,
0,23400,A,7826,481,C,mastercard,106,debit,17,62,5,,16,60,8,1,0,0,0,4,0,0,4,0,2,0,34,7,0,,,365,22,,,,,365,294,,,,406,T,F,F,M0,F,T,,,,2018-01-02 0:15,,,,,,,,,,,,,,,,,,,,,,,,,,,,,,,,,,
0,26190,A,18018,452,C,mastercard,14,debit,127,62,7,,53,60,5,6,0,0,5,7,0,0,4,0,4,0,23,4,394,394,28,0,,,,,,0,426,,,,458,T,T,T,,,T,F,F,T,2018-01-02 0:15,,,,,,,,,,,,,,,,,,,,,,,,,,,,,,,,,,
0,6800,A,18370,547,C,visa,108,debit,67,62,,,16,60,1,1,0,0,0,1,0,0,0,0,1,0,1,1,0,,,0,,,,,,0,,,,,0,,,,M0,T,T,,,,2018-01-02 0:16,,,,,,,,,,,,,,,,,,,,,,,,,,,,,,,,,,
0,42190,A,3670,111,C,visa,108,debit,241,62,,,16,60,1,1,0,0,1,1,0,0,1,0,1,0,2,1,21,21,20,20,20,,,,,20,,,,,20,,,,,,F,,,,2018-01-02 0:16,,,,,,,,,,,,,,,,,,,,,,,,,,,,,,,,,,
0,100000,A,1955,383,C,visa,108,debit,166,62,,,59,60,1,1,0,0,0,1,0,0,1,0,1,0,1,1,5,5,5,,,,,,,5,,,,,5,,,,M0,F,F,,,,2018-01-02 0:17,,,,,,,,,,,,,,,,,,,,,,,,,,,,,,,,,,
0,10000,B,11839,490,C,visa,108,debit,78,62,,,16,60,1,1,0,0,0,1,0,1,0,1,1,0,1,1,0,,,0,,,,,,,,,,,0,,,,,,,,,,2018-01-02 0:17,0,88525,,,,,,,,,100,NotFound,,-300,New,NotFound,166,,278,600,,,,,,,,New,NotFound,Android 7.0,chrome 62.0 for android,32,mobile,SM-G930V Build/NRD90M
0,76042,A,16659,170,C,visa,108,credit,151,62,,,59,60,1,1,0,0,1,1,0,0,0,0,1,0,2,1,36,36,35,,,,,,,35,,,,,35,,,,,,T,,,,2018-01-02 0:18,,,,,,,,,,,,,,,,,,,,,,,,,,,,,,,,,,
0,7190,A,9785,343,C,visa,0,debit,289,62,154,,16,60,12,11,0,0,6,7,0,0,9,0,9,0,39,10,0,,,319,222,,,,,0,0,,,,0,T,F,F,,,F,F,F,F,2018-01-02 0:19,,,,,,,,,,,,,,,,,,,,,,,,,,,,,,,,,,
0,490800,A,2213,556,C,mastercard,106,debit,62,62,,,19,60,1,1,0,0,1,1,0,0,0,0,1,0,1,1,0,,,0,,,,,,0,,,,,0,,,,,,T,,,,2018-01-02 0:19,,,,,,,,,,,,,,,,,,,,,,,,,,,,,,,,,,
0,11790,A,12544,321,C,visa,108,debit,255,62,16,,16,60,1,2,0,0,2,1,0,0,1,0,1,0,2,1,12,12,0,0,0,,,,,0,12,,,,12,T,T,T,,,T,F,F,T,2018-01-02 0:19,,,,,,,,,,,,,,,,,,,,,,,,,,,,,,,,,,
0,40000,A,18132,567,C,mastercard,14,debit,78,62,7,,53,60,1,1,0,0,1,2,0,0,1,0,1,0,4,1,104,104,39,94,39,,,,,104,104,,,,104,T,T,T,,,T,F,T,T,2018-01-02 0:20,,,,,,,,,,,,,,,,,,,,,,,,,,,,,,,,,,
0,16000,A,17967,285,C,visa,108,debit,62,62,,,53,60,3,2,0,0,2,2,0,0,2,0,3,0,23,3,464,464,19,463,19,,,,,463,,,,,248,,,,,,F,,,,2018-01-02 0:20,,,,,,,,,,,,,,,,,,,,,,,,,,,,,,,,,,
0,50000,A,3278,453,C,visa,108,debit,13,62,,,16,60,6,4,0,0,0,3,0,0,1,0,3,0,7,3,238,32,0,237,0,,,,,331,,,,,237,,,,M1,F,,,,,2018-01-02 0:20,,,,,,,,,,,,,,,,,,,,,,,,,,,,,,,,,,
0,22990,A,17188,321,C,visa,108,debit,151,62,1,,59,60,1,1,0,0,1,0,0,0,1,0,1,0,1,1,0,,,,,,,,,0,0,,,,0,T,T,T,,,T,F,F,T,2018-01-02 0:20,,,,,,,,,,,,,,,,,,,,,,,,,,,,,,,,,,
0,60000,B,15333,562,C,visa,108,credit,166,62,,,1,60,1,1,0,0,0,1,0,1,0,1,1,0,1,1,0,,,,,,,189,0,,,,,,,,,,,,,,,,2018-01-02 0:21,-5,54927,0,0,0,-1,,,0,0,100,NotFound,52,-360,Found,Found,166,,307,333,,,,,,,,Found,Found,Windows 10,chrome 62.0,24,desktop,Windows
0,89000,A,1240,302,C,visa,80,credit,289,62,24,,59,60,2,1,0,0,0,3,0,0,2,0,1,0,45,2,239,239,0,,,,,,,466,435,,,,466,T,T,T,M0,F,F,F,F,T,2018-01-02 0:21,,,,,,,,,,,,,,,,,,,,,,,,,,,,,,,,,,
0,616.2,C,14076,545,D,visa,43,credit,332,74,,,19,19,2,5,0,1,0,1,1,0,0,0,1,1,4,2,36,36,8,35,8,35,8,,,0,,35,,,35,,,,M0,,,,,,2018-01-02 0:21,,,,,,,,,,,,,,,,,,,,,,,,,,,,,,,,,,
0,4000,D,12866,303,C,visa,108,debit,178,62,,84,59,19,7,1,0,3,0,0,0,5,0,11,1,0,12,6,0,,,,,216,4,126,0,284,,,,,284,,,,,,,,,,2018-01-02 0:22,0,69542,0,0,2,-4,,,0,0,100,Found,,-300,Found,Found,166,15,352,533,,,,,,,,Found,Found,Linux,chrome 62.0,32,desktop,
0,20000,B,3682,264,C,visa,54,credit,173,62,,,1,60,1,1,0,0,0,1,0,1,0,1,1,0,1,1,0,,,,,,,,,,,,,,,,,,,,,,,,2018-01-02 0:22,0,132356,,,1,-6,,,,,100,NotFound,,-300,New,NotFound,166,13,529,549,,,,,,,,New,NotFound,iOS 11.1.2,mobile safari 11.0,32,mobile,iOS Device
0,11800,A,1662,111,C,visa,80,debit,280,62,,,16,60,1,1,0,0,0,1,0,0,0,0,1,0,1,1,0,,,0,,,,,,0,,,,,0,,,,M1,F,F,,,,2018-01-02 0:22,,,,,,,,,,,,,,,,,,,,,,,,,,,,,,,,,,
0,1353.4,C,13832,375,D,mastercard,106,debit,332,74,,,35,35,1,1,0,1,0,1,1,1,0,1,1,1,1,1,0,,,0,,0,,,,0,,0,0,0,0,,,,M2,,,,,,2018-01-02 0:22,0,275611,,,0,0,,,,,100,NotFound,20,,New,NotFound,225,,266,566,,,,,,,,New,NotFound,,chrome 62.0 for android,,mobile,BLADE A602 Build/MRA58K
0,110800,A,1955,383,C,visa,108,debit,166,62,5,,53,60,1,1,0,0,0,1,0,0,1,0,1,0,1,1,5,5,0,5,5,,,,,5,5,,,,5,T,T,T,M0,F,F,,,,2018-01-02 0:22,,,,,,,,,,,,,,,,,,,,,,,,,,,,,,,,,,
0,5558.6,C,15885,545,D,visa,34,debit,332,74,,100,16,16,1,1,0,1,0,1,1,1,0,1,1,1,1,1,0,,,0,,0,,,,0,,0,0,0,0,,,,M2,,,,,,2018-01-02 0:22,-5,419136,,,0,0,,,,,100,NotFound,52,,New,NotFound,225,,266,305,,,,,,,,New,NotFound,,chrome 62.0,,desktop,Windows
0,13700,A,4806,490,C,visa,108,debit,166,62,,,16,60,8,4,0,0,0,6,0,0,4,0,5,0,18,5,478,478,0,477,0,,,,,0,,,,,477,,,,M1,T,T,,,,2018-01-02 0:22,,,,,,,,,,,,,,,,,,,,,,,,,,,,,,,,,,
0,7390,A,18132,567,C,mastercard,14,debit,255,62,1,,59,60,1,2,0,0,1,0,0,0,1,0,1,0,3,1,47,47,15,,,,,,,15,15,,,,46,T,T,T,,,F,T,T,T,2018-01-02 0:23,,,,,,,,,,,,,,,,,,,,,,,,,,,,,,,,,,
0,56000,A,3278,453,C,visa,108,debit,13,62,,,16,60,6,4,0,0,0,3,0,0,1,0,3,0,7,3,238,32,0,237,0,,,,,331,,,,,237,,,,M1,F,,,,,2018-01-02 0:23,,,,,,,,,,,,,,,,,,,,,,,,,,,,,,,,,,
0,60000,A,14858,558,C,visa,108,debit,91,62,2239,,59,60,2,2,0,0,1,0,0,0,1,0,2,0,8,2,456,456,31,,,,,,,455,300,,,,455,T,F,F,,,F,,,,2018-01-02 0:23,,,,,,,,,,,,,,,,,,,,,,,,,,,,,,,,,,
0,5739.8,C,4504,500,D,mastercard,102,credit,332,74,,,19,19,1,1,0,1,0,1,1,0,0,0,1,1,1,1,0,,,0,,0,,,,0,,0,,,0,,,,M2,,,,,,2018-01-02 0:23,,,,,,,,,,,,,,,,,,,,,,,,,,,,,,,,,,
0,12000,A,7207,111,C,visa,108,debit,78,62,,,9,60,2,1,0,0,1,1,0,0,1,0,1,0,9,2,0,,,456,32,,,,,456,0,,,,456,T,T,T,,,F,,,,2018-01-02 0:24,,,,,,,,,,,,,,,,,,,,,,,,,,,,,,,,,,
0,20990,A,17188,321,C,visa,108,debit,151,62,1,,16,60,4,4,0,0,1,7,0,0,3,0,3,0,17,4,216,216,20,198,20,,,,,0,215,,,,218,T,T,T,,,T,F,T,T,2018-01-02 0:24,,,,,,,,,,,,,,,,,,,,,,,,,,,,,,,,,,
0,56000,A,15066,170,C,mastercard,2,credit,173,62,,,34,60,2,2,0,0,0,1,0,0,1,0,1,0,12,2,78,78,3,77,1,,,,,24,,,,,77,,,,M0,T,F,,,,2018-01-02 0:24,,,,,,,,,,,,,,,,,,,,,,,,,,,,,,,,,,
0,82390,A,14695,396,C,mastercard,106,credit,166,62,22,,16,60,1,1,0,0,1,1,0,0,1,0,1,0,1,1,0,,,0,,,,,,0,0,,,,0,T,T,T,,,T,F,F,T,2018-01-02 0:25,,,,,,,,,,,,,,,,,,,,,,,,,,,,,,,,,,
0,25134.8,C,5583,103,D,visa,108,credit,332,74,,744,1,1,1,1,0,1,0,1,1,1,0,1,1,1,1,1,0,,,0,,0,,,,0,,0,0,0,0,,,,M0,,,,,,2018-01-02 0:25,-5,436352,,,0,0,,,,,100,NotFound,52,,New,NotFound,225,,290,401,,,,,,,,New,NotFound,,chrome 62.0,,desktop,Windows
0,8519.2,C,15885,545,D,visa,34,debit,332,74,,,1,1,1,1,0,1,0,1,1,0,0,0,1,1,1,1,0,,,0,,0,,,,0,,0,,,0,,,,M2,,,,,,2018-01-02 0:25,,,,,,,,,,,,,,,,,,,,,,,,,,,,,,,,,,
0,8900,A,11815,206,C,mastercard,58,debit,282,62,6,,16,60,5,2,0,0,0,1,0,0,1,0,2,0,7,4,31,31,30,289,30,,,,,289,275,,,,289,T,T,T,M0,T,F,,,,2018-01-02 0:25,,,,,,,,,,,,,,,,,,,,,,,,,,,,,,,,,,
0,17790,A,1549,143,C,visa,108,debit,79,62,9,,53,60,7,5,0,0,2,3,0,0,2,0,3,0,12,6,0,,,0,,,,,,0,420,,,,450,T,T,T,,,F,F,F,T,2018-01-02 0:26,,,,,,,,,,,,,,,,,,,,,,,,,,,,,,,,,,
0,28000,A,18095,243,C,visa,108,debit,219,62,,,16,60,2,2,0,0,2,1,0,0,3,0,2,0,6,1,404,404,14,403,14,,,,,403,,,,,403,,,,,,T,,,,2018-01-02 0:27,,,,,,,,,,,,,,,,,,,,,,,,,,,,,,,,,,
0,63790,A,17188,321,C,visa,108,debit,151,62,5,,16,60,1,1,0,0,1,1,0,0,1,0,1,0,1,1,0,,,0,,,,,,0,0,,,,0,T,T,T,,,T,F,F,T,2018-01-02 0:27,,,,,,,,,,,,,,,,,,,,,,,,,,,,,,,,,,
0,15564.2,C,15885,545,D,visa,34,debit,332,74,,,16,16,1,1,0,1,0,1,1,0,0,0,1,1,1,1,0,,,0,,0,,,,0,,0,,,0,,,,M2,,,,,,2018-01-02 0:27,,,,,,,,,,,,,,,,,,,,,,,,,,,,,,,,,,
0,21400,A,14165,111,C,mastercard,106,debit,59,62,10,,59,60,2,1,0,0,0,0,0,0,1,0,1,0,5,2,57,57,56,,,,,,,140,314,,,,444,T,T,T,M0,T,F,,,,2018-01-02 0:27,,,,,,,,,,,,,,,,,,,,,,,,,,,,,,,,,,
0,23400,A,6481,111,C,visa,108,debit,183,62,327,,10,60,1,1,0,0,0,1,0,0,1,0,1,0,1,1,0,,,0,,,,,,0,0,,,,0,T,T,T,M1,F,T,,,,2018-01-02 0:27,,,,,,,,,,,,,,,,,,,,,,,,,,,,,,,,,,
0,10000,B,5220,360,C,visa,108,credit,98,62,,,8,8,1,1,0,1,0,1,0,1,0,1,1,0,1,1,0,,,,,,,777,0,,,,,,,,,,,,,,,,2018-01-02 0:27,-5,34810,,,1,0,,,0,0,93.75,NotFound,52,-300,New,NotFound,166,,548,391,,,,,,,,Found,Found,Windows 10,edge 15.0,24,desktop,Windows
0,105400,A,5409,170,C,visa,108,credit,166,62,5,,53,60,2,1,0,0,0,1,0,0,1,0,1,0,2,2,0,,,5,0,,,,,5,5,,,,5,T,T,T,M0,F,F,,,,2018-01-02 0:28,,,,,,,,,,,,,,,,,,,,,,,,,,,,,,,,,,
0,11800,A,2538,476,C,visa,58,debit,178,62,,,1,60,1,2,0,0,0,2,0,0,1,0,1,0,2,1,72,72,71,71,71,,,,,71,,,,,71,,,,M0,F,F,,,,2018-01-02 0:28,,,,,,,,,,,,,,,,,,,,,,,,,,,,,,,,,,
0,21700,A,15121,555,C,visa,108,debit,241,62,,,16,60,202,208,0,0,128,181,0,0,64,0,182,0,258,108,0,,,211,0,,,,,200,,,,,0,,,,M1,F,T,,,,2018-01-02 0:28,,,,,,,,,,,,,,,,,,,,,,,,,,,,,,,,,,
0,4300,A,2581,199,C,mastercard,87,debit,253,62,4,,16,60,1,1,0,0,0,1,0,0,1,0,1,0,2,1,9,9,9,9,9,,,,,9,9,,,,9,T,T,T,M0,F,T,F,T,T,2018-01-02 0:29,,,,,,,,,,,,,,,,,,,,,,,,,,,,,,,,,,
0,31800,A,6459,100,C,mastercard,106,credit,173,62,137,,19,60,1,1,0,0,0,1,0,0,1,0,1,0,3,1,40,40,9,39,9,,,,,39,39,,,,39,T,T,T,M2,T,T,,,,2018-01-02 0:29,,,,,,,,,,,,,,,,,,,,,,,,,,,,,,,,,,
